[ 

	{
		"type":"peers",
		"feed":"Praesent tincidunt sed tellus ut rutrum. Sed vitae justo condimentum, porta lectus vitae, ultricies congue gravida diam non fringilla. Cras vehicula tellus eu ligula viverra, ac fringilla turpis suscipit. Quisque vestibulum rhoncus ligula.",
		"user":"LeBron James",
		"comments":23,
		"likes":31
	},
	{
		"type":"prospects",
		"feed":"Praesent tincidunt sed tellus ut rutrum. Sed vitae justo condimentum, porta lectus vitae, ultricies congue gravida diam non fringilla. Cras vehicula tellus eu ligula viverra, ac fringilla turpis suscipit. Quisque vestibulum rhoncus ligula.",
		"user":"Marduk Gomez",
		"comments":23,
		"likes":11
	},
	{
		"type":"peers",
		"feed":"Praesent tincidunt sed tellus ut rutrum. Sed vitae justo condimentum, porta lectus vitae, ultricies congue gravida diam non fringilla. Cras vehicula tellus eu ligula viverra, ac fringilla turpis suscipit. Quisque vestibulum rhoncus ligula.",
		"user":"Billy Graham",
		"comments":23,
		"likes":32
	},
	{
		"type":"connection",
		"feed":"Praesent tincidunt sed tellus ut rutrum. Sed vitae justo condimentum, porta lectus vitae, ultricies congue gravida diam non fringilla. Cras vehicula tellus eu ligula viverra, ac fringilla turpis suscipit. Quisque vestibulum rhoncus ligula.",
		"user":"Mardukas Gomez",
		"comments":23,
		"likes":34
	}	
	

]